first_name,last_name,email
Antoinette,Jirzik,ajirzik0@mashable.com
Salomo,Picknett,spicknett1@yandex.ru
Amalee,Eymer,aeymer2@cornell.edu
Rhodia,Swatman,rswatman3@shinystat.com
Cecilio,MacNeill,cmacneill4@sun.com
Glenine,Ridout,gridout5@rakuten.co.jp
Sharity,Burdin,sburdin6@canalblog.com
Hanni,Weldrake,hweldrake7@lulu.com
Innis,Compton,icompton8@shinystat.com
Olivier,Scurfield,oscurfield9@mapy.cz
Louisette,Glew,lglewa@un.org
Gizela,Peffer,gpefferb@furl.net
Danila,Bowman,dbowmanc@etsy.com
Shaylyn,MacKall,smackalld@discovery.com
Gradeigh,Gurrado,ggurradoe@livejournal.com
Lillis,Gauson,lgausonf@purevolume.com
Annadiane,Filyakov,afilyakovg@redcross.org
Aurea,Juniper,ajuniperh@ft.com
Wilhelmina,Puffett,wpuffetti@zdnet.com
Kelsey,Jammet,kjammetj@zdnet.com
Amby,Mathe,amathek@bandcamp.com
Cassie,Blethyn,cblethynl@123-reg.co.uk
Lanae,Keggins,lkegginsm@cdc.gov
Chelsy,Lillegard,clillegardn@zimbio.com
Jonas,Aubri,jaubrio@umich.edu
Mitzi,Gaymer,mgaymerp@comsenz.com
Billy,Loomes,bloomesq@liveinternet.ru
Friedrick,Winley,fwinleyr@bloglines.com
Bink,Piatti,bpiattis@moonfruit.com
Reinald,Reen,rreent@abc.net.au
Janeta,Conkling,jconklingu@webs.com
Lucias,Thrift,lthriftv@businesswire.com
Hyacinth,Bollans,hbollansw@tinyurl.com
Valentina,Liddell,vliddellx@godaddy.com
Roslyn,Schruyer,rschruyery@miibeian.gov.cn
Lars,Caldecott,lcaldecottz@ifeng.com
Emma,Simionescu,esimionescu10@mail.ru
Bronson,Bravery,bbravery11@indiegogo.com
Noellyn,Woollends,nwoollends12@123-reg.co.uk
Valida,Ottey,vottey13@theguardian.com
Barbee,Salan,bsalan14@about.com
Donia,Bamforth,dbamforth15@mozilla.org
Wilden,Duran,wduran16@cnet.com
Joly,Clyburn,jclyburn17@hubpages.com
Elvin,Berthelmot,eberthelmot18@unicef.org
Thorvald,Burgoyne,tburgoyne19@sciencedaily.com
Jennette,Fortye,jfortye1a@latimes.com
Gar,Langlois,glanglois1b@surveymonkey.com
Yettie,Abade,yabade1c@smugmug.com
Ara,Eastham,aeastham1d@slideshare.net
Kassia,Yockney,kyockney1e@ezinearticles.com
Jocko,Lindell,jlindell1f@independent.co.uk
Vanna,Carleton,vcarleton1g@sakura.ne.jp
Ivy,Haggart,ihaggart1h@xrea.com
Bret,Crewdson,bcrewdson1i@hostgator.com
Tabby,Parkhouse,tparkhouse1j@berkeley.edu
Lurline,Portal,lportal1k@networksolutions.com
Genvieve,Wittleton,gwittleton1l@illinois.edu
Felice,Lunn,flunn1m@hibu.com
Oren,Gilpillan,ogilpillan1n@baidu.com
Norton,Quigg,nquigg1o@bloomberg.com
Harp,Raynton,hraynton1p@desdev.cn
Timmy,Node,tnode1q@blog.com
Devin,Sandry,dsandry1r@bravesites.com
Josefina,Rake,jrake1s@qq.com
Marni,Turfs,mturfs1t@newyorker.com
Hercules,Cervantes,hcervantes1u@canalblog.com
Marrissa,Sprasen,msprasen1v@sohu.com
Jaclin,Sidry,jsidry1w@wikimedia.org
Mac,Farnish,mfarnish1x@noaa.gov
Henri,Northrop,hnorthrop1y@salon.com
Kori,Renehan,krenehan1z@ft.com
Hasty,Hatfield,hhatfield20@craigslist.org
Collin,Bothwell,cbothwell21@hostgator.com
Beltran,Guidetti,bguidetti22@4shared.com
Aviva,Tibbles,atibbles23@com.com
Kellen,Gedling,kgedling24@nba.com
Janeva,Stanbridge,jstanbridge25@theglobeandmail.com
Tate,Derisley,tderisley26@cpanel.net
Mathilde,Ragbourne,mragbourne27@gov.uk
Shelby,Rimell,srimell28@storify.com
Valida,Hadlow,vhadlow29@tinypic.com
Felipe,Cockshut,fcockshut2a@gnu.org
Kore,Millmore,kmillmore2b@tmall.com
Warren,MacSweeney,wmacsweeney2c@squarespace.com
Klemens,Zincke,kzincke2d@tmall.com
Selig,Keling,skeling2e@cpanel.net
Shirley,Vyel,svyel2f@redcross.org
Dominik,Grayshon,dgrayshon2g@cnn.com
Shane,Peter,speter2h@disqus.com
Jo,Zanioletti,jzanioletti2i@friendfeed.com
Cherlyn,Jouaneton,cjouaneton2j@nytimes.com
Gale,Lapworth,glapworth2k@slashdot.org
Raddie,Chidley,rchidley2l@ed.gov
Ola,Ethridge,oethridge2m@go.com
Averyl,Pyne,apyne2n@princeton.edu
Rozalie,Thomke,rthomke2o@moonfruit.com
Reinhold,Kilgannon,rkilgannon2p@wikipedia.org
Alwin,Bon,abon2q@irs.gov
Fayette,Jewis,fjewis2r@statcounter.com
Guido,Castillo,guido@gmail.com
Adolfo,Castillo,adolfo@gmail.com
